<?xml version="1.0" encoding="UTF-8" ?>
<!DOCTYPE mapper
        PUBLIC "-//mybatis.org//DTD Mapper 3.0//EN"
        "https://mybatis.org/dtd/mybatis-3-mapper.dtd">
<mapper namespace="com.dvinedao.mapper.CatalogueMapper">
    <insert id="createCatalogue"
            parameterType="com.dvinedao.domain.Catalogue"
            useGeneratedKeys="true"
            keyProperty="catalogueId">
        INSERT INTO catalogues (title, description, coverImage)
        VALUES (#{title}, #{description}, #{coverImage})
    </insert>

    <update id="updateCatalogue">
        UPDATE catalogues
        SET
            title = #{title},
            description = #{description},
            coverImage = #{coverImage}
        WHERE
            catalogueId = #{catalogueId}
    </update>

    <delete id="deleteCatalogue">
        DELETE FROM catalogues
        WHERE catalogueId = #{catalogueId}
    </delete>


    <select id="findAllCatalogues" resultType="com.dvinedao.domain.Catalogue">
        SELECT
            catalogueId,
            title,
            description,
            coverImage
        FROM
            catalogues
        ORDER BY
            updateTime DESC,
            catalogueId DESC
    </select>
    <select id="findCatalogueById" resultType="com.dvinedao.domain.Catalogue">
        SELECT
            catalogueId,
            title,
            description,
            coverImage
        FROM
            catalogues
        WHERE
            catalogueId = #{catalogueId}
    </select>
</mapper>