<?xml version="1.0" encoding="UTF-8" ?>
<!DOCTYPE mapper
        PUBLIC "-//mybatis.org//DTD Mapper 3.0//EN"
        "https://mybatis.org/dtd/mybatis-3-mapper.dtd">
<mapper namespace="com.dvinedao.mapper.TourMapper">

    <insert id="createTour" parameterType="com.dvinedao.domain.Tour"
            useGeneratedKeys="true" keyProperty="tourId" keyColumn="tourId">
INSERT INTO tours (title, description, destination, catalogueId, regularPrice, premiumPrice, createdBy)
        VALUES (#{title}, #{description}, #{destination}, #{catalogueId}, #{regularPrice}, #{premiumPrice}, #{createdBy})
    </insert>

    <update id="updateTour">
        UPDATE tours
        <set>
            <if test="title != null and title != ''">
                title = #{title},
            </if>
            <if test="description != null and description != ''">
                description = #{description},
            </if>
            <if test="destination != null and destination != ''">
                destination = #{destination},
            </if>
            <if test="catalogueId != null">
                catalogueId = #{catalogueId},
            </if>
            <if test="regularPrice != null">
                regularPrice = #{regularPrice},
            </if>
            <if test="premiumPrice != null">
                premiumPrice = #{premiumPrice},
            </if>
        </set>
        WHERE tourId = #{tourId}
    </update>

    <delete id="deleteTour">
        DELETE FROM tours
        WHERE tourId = #{tourId}
    </delete>

    <select id="search" resultType="com.dvinedao.domain.Tour">
        SELECT
            t.tourId,
            t.catalogueId,
            t.title,
            t.destination,
            t.description,
            t.regularPrice,
            t.premiumPrice,
            t.createdBy,
            (SELECT i.imageUrl
             FROM images i
             WHERE i.tourId = t.tourId AND i.isPrimary = TRUE
             LIMIT 1) as primaryImageUrl
        FROM
            tours t
        <if test="catalogueName != null and catalogueName != ''">
            INNER JOIN catalogues c ON t.catalogueId = c.catalogueId
        </if>
        <where>
            <if test="tourId != null">
                AND t.tourId = #{tourId}
            </if>
            <if test="catalogueId != null">
                AND t.catalogueId = #{catalogueId}
            </if>
            <if test="catalogueName != null and catalogueName != ''">
                AND c.title = #{catalogueName}
            </if>
            <if test="title != null and title != ''">
                AND t.title LIKE CONCAT('%', #{title}, '%')
            </if>
            <if test="destination != null and destination != ''">
                AND t.destination LIKE CONCAT('%', #{destination}, '%')
            </if>
            <if test="minPrice != null">
                AND (t.regularPrice &gt;= #{minPrice} OR t.premiumPrice &gt;= #{minPrice})
            </if>
            <if test="maxPrice != null">
                AND (t.regularPrice &lt;= #{maxPrice} OR t.premiumPrice &lt;= #{maxPrice})
            </if>
            <if test="createdBy != null">
                AND t.createdBy = #{createdBy}
            </if>
        </where>
        ORDER BY t.updateTime
    </select>

    <select id="countSearch" resultType="long">
        SELECT COUNT(*)
        FROM tours t
        <if test="catalogueName != null and catalogueName != ''">
            INNER JOIN catalogues c ON t.catalogueId = c.catalogueId
        </if>
        <where>
            <if test="tourId != null">
                AND t.tourId = #{tourId}
            </if>
            <if test="catalogueId != null">
                AND t.catalogueId = #{catalogueId}
            </if>
            <if test="catalogueName != null and catalogueName != ''">
                AND c.title = #{catalogueName}
            </if>
            <if test="title != null and title != ''">
                AND t.title LIKE CONCAT('%', #{title}, '%')
            </if>
            <if test="destination != null and destination != ''">
                AND t.destination LIKE CONCAT('%', #{destination}, '%')
            </if>
            <if test="minPrice != null">
                AND (t.regularPrice &gt;= #{minPrice} OR t.premiumPrice &gt;= #{minPrice})
            </if>
            <if test="maxPrice != null">
                AND (t.regularPrice &lt;= #{maxPrice} OR t.premiumPrice &lt;= #{maxPrice})
            </if>
            <if test="createdBy != null">
                AND t.createdBy = #{createdBy}
            </if>
        </where>
    </select>
    <select id="findById" resultType="com.dvinedao.domain.Tour">
        SELECT
            t.tourId,
            t.catalogueId,
            t.title,
            t.destination,
            t.description,
            t.regularPrice,
            t.premiumPrice,
            t.createdBy
        FROM
            tours t
        WHERE
            t.tourId = #{tourId}
    </select>
    <select id="findByCatalogueId" resultType="com.dvinedao.domain.Tour">
        SELECT
            t.tourId,
            t.catalogueId,
            t.title,
            t.destination,
            t.description,
            t.regularPrice,
            t.premiumPrice,
            t.createdBy
        FROM
            tours t
        WHERE
            t.catalogueId = #{catalogueId}
        ORDER BY t.updateTime
    </select>

</mapper>